Time,Signal
0.0,0.0
0.004975124378109453,334.6625846272292
0.009950248756218905,-13.784422951602535
0.014925373134328358,105.73249278321856
0.01990049751243781,-8.865592812897903
0.02487562189054726,74.38129820872811
0.029850746268656716,-18.725478106571476
0.03482587064676617,81.9270547944148
0.03980099502487562,-15.948125168901214
0.04477611940298507,21.707605715043453
0.04975124378109452,-40.79382598301342
0.05472636815920398,-1.3274868253326835
0.05970149253731343,13.308196282510139
0.06467661691542288,13.321104176305935
0.06965174129353234,19.422293987163396
0.07462686567164178,15.197819610890127
0.07960199004975124,-27.506419681390966
0.0845771144278607,15.934631100687007
0.08955223880597014,3.282734689140353
0.0945273631840796,15.12936300923183
0.09950248756218905,-21.98484347215592
0.1044776119402985,10.762008508347156
0.10945273631840796,3.14331436696019
0.1144278606965174,24.338959898029717
0.11940298507462686,28.599895375868204
0.12437810945273632,-8.900566956801715
0.12935323383084577,29.07105956429967
0.13432835820895522,-12.964002856694593
0.13930348258706468,15.466868444537011
0.14427860696517414,33.22590097643261
0.14925373134328357,-0.6800289800178971
0.15422885572139303,-25.251594588682206
0.15920398009950248,5.619095312907982
0.16417910447761194,-9.517224148957773
0.1691542288557214,-33.620083888161545
0.17412935323383083,33.419091485829235
0.1791044776119403,12.172174032395372
0.18407960199004975,11.646124593106714
0.1890547263681592,-24.107918853153503
0.19402985074626866,19.40461255560175
0.1990049751243781,6.52459039750123
0.20398009950248755,12.187561626442811
0.208955223880597,44.92287760264721
0.21393034825870647,1.491898192485377
0.21890547263681592,-18.789338070476877
0.22388059701492538,-8.592511367662553
0.2288557213930348,-9.518922724680914
0.23383084577114427,46.394555047876054
0.23880597014925373,18.144195654710494
0.24378109452736318,-7.451732787470318
0.24875621890547264,-19.373235576849318
0.2537313432835821,-25.26124185150948
0.25870646766169153,2.050789040379539
0.263681592039801,4.313275406542077
0.26865671641791045,7.074846522149823
0.2736318407960199,35.93676827691006
0.27860696517412936,13.19576045555279
0.2835820895522388,8.754020392596281
0.2885572139303483,-27.356946407574785
0.2935323383084577,43.508145995545
0.29850746268656714,-33.21139350357022
0.3034825870646766,23.217482671478272
0.30845771144278605,15.64355666864623
0.31343283582089554,16.314469897427557
0.31840796019900497,19.8491731949795
0.3233830845771144,15.382567907578686
0.3283582089552239,-15.385577082897623
0.3333333333333333,22.51666049839492
0.3383084577114428,33.79078123923307
0.34328358208955223,-10.718210400458137
0.34825870646766166,-7.724429403535522
0.35323383084577115,19.13582731781353
0.3582089552238806,15.523060842541648
0.36318407960199006,2.999882021124863
0.3681592039800995,-0.3633704720132904
0.3731343283582089,-37.58270924324222
0.3781094527363184,-38.55542694696187
0.38308457711442784,-7.719391402452288
0.3880597014925373,15.542407295267319
0.39303482587064675,47.473686461024954
0.3980099502487562,6.35638870676884
0.40298507462686567,8.723749873953574
0.4079601990049751,3.835136433962358
0.4129353233830846,11.234132497828114
0.417910447761194,-7.471298268883505
0.4228855721393035,-12.261055904586078
0.42786069651741293,-23.58968670996329
0.43283582089552236,-1.8855395764890623
0.43781094527363185,-18.047200044561727
0.4427860696517413,16.172763888985486
0.44776119402985076,-13.382589549488257
0.4527363184079602,19.257788341871517
0.4577114427860696,16.9927489928567
0.4626865671641791,32.947720992407184
0.46766169154228854,-9.189985991179643
0.472636815920398,32.59464943980112
0.47761194029850745,-1.484678672818637
0.4825870646766169,28.840345994729567
0.48756218905472637,-16.39426965236059
0.4925373134328358,22.103988188067035
0.4975124378109453,2.7098272087150477
0.5024875621890548,-2.7098272087149002
0.5074626865671642,-22.103988188066683
0.5124378109452736,16.39426965235994
0.5174129353233831,-28.840345994730512
0.5223880597014925,1.4846786728185757
0.527363184079602,-32.59464943980111
0.5323383084577115,9.189985991179991
0.5373134328358209,-32.94772099240777
0.5422885572139303,-16.992748992856406
0.5472636815920398,-19.257788341873248
0.5522388059701493,13.382589549488822
0.5572139303482587,-16.172763888985273
0.5621890547263682,18.047200044561393
0.5671641791044776,1.8855395764887586
0.572139303482587,23.589686709961573
0.5771144278606966,12.261055904586414
0.582089552238806,7.471298268883226
0.5870646766169154,-11.234132497827213
0.5920398009950248,-3.835136433964024
0.5970149253731343,-8.723749873952501
0.6019900497512438,-6.356388706770167
0.6069651741293532,-47.47368646102393
0.6119402985074627,-15.542407295270083
0.6169154228855721,7.7193914024536525
0.6218905472636815,38.555426946962086
0.6268656716417911,37.582709243243116
0.6318407960199005,0.3633704720113524
0.6368159203980099,-2.9998820211229775
0.6417910447761194,-15.523060842540762
0.6467661691542288,-19.13582731781483
0.6517412935323383,7.72442940353626
0.6567164179104478,10.718210400456323
0.6616915422885572,-33.79078123923129
0.6666666666666666,-22.516660498396345
0.6716417910447761,15.385577082897983
0.6766169154228856,-15.38256790757827
0.681592039800995,-19.84917319497915
0.6865671641791045,-16.314469897428243
0.6915422885572139,-15.643556668645196
0.6965174129353233,-23.217482671479786
0.7014925373134329,33.211393503569724
0.7064676616915423,-43.508145995544346
0.7114427860696517,27.356946407575446
0.7164179104477612,-8.75402039259584
0.7213930348258706,-13.195760455554604
0.7263681592039801,-35.93676827690945
0.7313432835820896,-7.074846522149917
0.736318407960199,-4.313275406540863
0.7412935323383084,-2.0507890403818347
0.7462686567164178,25.261241851510345
0.7512437810945274,19.37323557684954
0.7562189054726368,7.451732787471147
0.7611940298507462,-18.144195654709254
0.7661691542288557,-46.3945550478754
0.7711442786069651,9.518922724678458
0.7761194029850746,8.592511367663754
0.7810945273631841,18.78933807047602
0.7860696517412935,-1.4918981924837746
0.7910447761194029,-44.92287760264684
0.7960199004975124,-12.187561626444893
0.8009950248756219,-6.524590397500328
0.8059701492537313,-19.404612555603535
0.8109452736318408,24.107918853156605
0.8159203980099502,-11.646124593109096
0.8208955223880597,-12.17217403239346
0.8258706467661692,-33.41909148583064
0.8308457711442786,33.62008388816238
0.835820895522388,9.517224148957755
0.8407960199004975,-5.61909531290963
0.845771144278607,25.25159458868289
0.8507462686567164,0.6800289800166182
0.8557213930348259,-33.22590097643252
0.8606965174129353,-15.4668684445394
0.8656716417910447,12.964002856695473
0.8706467661691543,-29.071059564301414
0.8756218905472637,8.90056695680181
0.8805970149253731,-28.599895375867955
0.8855721393034826,-24.338959898029724
0.890547263681592,-3.143314366958508
0.8955223880597015,-10.762008508348309
0.900497512437811,21.984843472157802
0.9054726368159204,-15.12936300923131
0.9104477611940298,-3.2827346891403146
0.9154228855721392,-15.934631100686675
0.9203980099502488,27.506419681390707
0.9253731343283582,-15.197819610888144
0.9303482587064676,-19.42229398716498
0.9353233830845771,-13.321104176306921
0.9402985074626865,-13.308196282509618
0.945273631840796,1.327486825331807
0.9502487562189055,40.79382598301479
0.9552238805970149,-21.707605715043833
0.9601990049751243,15.948125168903305
0.9651741293532338,-81.92705479441473
0.9701492537313433,18.725478106572787
0.9751243781094527,-74.38129820872732
0.9800995024875622,8.865592812897843
0.9850746268656716,-105.73249278321634
0.990049751243781,13.78442295160089
0.9950248756218906,-334.6625846272271
1.0,-7.50735970617592e-12
1.0049751243781095,334.66258462722595
1.0099502487562189,-13.784422951603853
1.0149253731343284,105.73249278321782
1.0199004975124377,-8.865592812898976
1.0248756218905473,74.38129820872742
1.0298507462686568,-18.72547810657093
1.0348258706467661,81.92705479441423
1.0398009950248757,-15.948125168900793
1.044776119402985,21.707605715042874
1.0497512437810945,-40.79382598301243
1.054726368159204,-1.327486825331956
1.0597014925373134,13.308196282510071
1.064676616915423,13.321104176305784
1.0696517412935322,19.422293987160447
1.0746268656716418,15.19781961089097
1.0796019900497513,-27.506419681391087
1.0845771144278606,15.934631100686268
1.0895522388059702,3.2827346891402183
1.0945273631840795,15.12936300923241
1.099502487562189,-21.984843472158158
1.1044776119402986,10.762008508346362
1.109452736318408,3.1433143669612584
1.1144278606965174,24.338959898028282
1.1194029850746268,28.599895375869107
1.1243781094527363,-8.900566956802418
1.1293532338308458,29.071059564300114
1.1343283582089552,-12.964002856694199
1.1393034825870647,15.466868444538363
1.144278606965174,33.225900976435334
1.1492537313432836,-0.6800289800184602
1.154228855721393,-25.251594588681158
1.1592039800995024,5.619095312907333
1.164179104477612,-9.517224148957045
1.1691542288557213,-33.6200838881612
1.1741293532338308,33.41909148582516
1.1791044776119404,12.172174032398715
1.1840796019900497,11.646124593104812
1.1890547263681592,-24.10791885315166
1.1940298507462686,19.404612555599638
1.199004975124378,6.524590397503087
1.2039800995024876,12.187561626442871
1.208955223880597,44.92287760264645
1.2139303482587065,1.4918981924859818
1.2189054726368158,-18.789338070479797
1.2238805970149254,-8.592511367663137
1.228855721393035,-9.518922724681525
1.2338308457711442,46.394555047876715
1.2388059701492538,18.144195654711865
1.243781094527363,-7.451732787468428
1.2487562189054726,-19.373235576849886
1.2537313432835822,-25.261241851507897
1.2587064676616915,2.0507890403782785
1.263681592039801,4.313275406540759
1.2686567164179103,7.074846522147073
1.2736318407960199,35.93676827691114
1.2786069651741294,13.195760455553833
1.2835820895522387,8.754020392598148
1.2885572139303483,-27.356946407574576
1.2935323383084576,43.50814599554447
1.2985074626865671,-33.21139350356925
1.3034825870646767,23.217482671477818
1.308457711442786,15.643556668645699
1.3134328358208955,16.3144698974266
1.3184079601990049,19.849173194978576
1.3233830845771144,15.382567907578801
1.328358208955224,-15.385577082897925
1.3333333333333333,22.51666049839348
1.3383084577114428,33.79078123923444
1.3432835820895521,-10.718210400458819
1.3482587064676617,-7.724429403535987
1.3532338308457712,19.135827317812613
1.3582089552238805,15.523060842542064
1.36318407960199,2.999882021127653
1.3681592039800994,-0.3633704720155473
1.373134328358209,-37.58270924324286
1.3781094527363185,-38.55542694696039
1.3830845771144278,-7.719391402450244
1.3880597014925373,15.542407295265111
1.3930348258706466,47.473686461026205
1.3980099502487562,6.356388706768222
1.4029850746268657,8.723749873953771
1.407960199004975,3.8351364339611784
1.4129353233830846,11.234132497830402
1.417910447761194,-7.471298268886599
1.4228855721393034,-12.261055904584131
1.427860696517413,-23.58968670996255
1.4328358208955223,-1.88553957648851
1.4378109452736318,-18.04720004456375
1.4427860696517412,16.172763888987582
1.4477611940298507,-13.38258954948947
1.4527363184079602,19.257788341870196
1.4577114427860696,16.9927489928574
1.462686567164179,32.94772099240631
1.4676616915422884,-9.189985991178618
1.472636815920398,32.59464943980073
1.4776119402985075,-1.484678672818747
1.4825870646766168,28.840345994730278
1.4875621890547264,-16.394269652362517
1.4925373134328357,22.10398818806625
1.4975124378109452,2.7098272087159057
1.5024875621890548,-2.7098272087144366
1.507462686567164,-22.103988188066257
1.5124378109452736,16.394269652361
1.517412935323383,-28.84034599472655
1.5223880597014925,1.4846786728171635
1.527363184079602,-32.5946494397991
1.5323383084577114,9.18998599117909
1.537313432835821,-32.94772099240697
1.5422885572139302,-16.992748992857003
1.5472636815920398,-19.25778834187394
1.5522388059701493,13.382589549489333
1.5572139303482586,-16.17276388898496
1.5621890547263682,18.047200044560604
1.5671641791044775,1.885539576489231
1.572139303482587,23.58968670996252
1.5771144278606966,12.261055904586337
1.5820895522388059,7.47129826888258
1.5870646766169154,-11.234132497827874
1.5920398009950247,-3.835136433964191
1.5970149253731343,-8.723749873952903
1.6019900497512438,-6.356388706769964
1.6069651741293531,-47.47368646102198
1.6119402985074627,-15.542407295274106
1.6169154228855722,7.719391402456274
1.6218905472636815,38.555426946962214
1.626865671641791,37.58270924324404
1.6318407960199004,0.36337047201054773
1.63681592039801,-2.9998820211250674
1.6417910447761195,-15.523060842539847
1.6467661691542288,-19.13582731781451
1.6517412935323383,7.724429403540123
1.6567164179104477,10.718210400456996
1.6616915422885572,-33.790781239230185
1.6666666666666667,-22.516660498396547
1.671641791044776,15.385577082898585
1.6766169154228856,-15.382567907576274
1.681592039800995,-19.849173194979457
1.6865671641791045,-16.31446989742775
1.691542288557214,-15.64355666864356
1.6965174129353233,-23.217482671479303
1.7014925373134329,33.21139350356863
1.7064676616915422,-43.50814599554421
1.7114427860696517,27.356946407575826
1.7164179104477613,-8.754020392596914
1.7213930348258706,-13.195760455557487
1.7263681592039801,-35.936768276910925
1.7313432835820894,-7.074846522149249
1.736318407960199,-4.31327540654341
1.7412935323383085,-2.0507890403801303
1.7462686567164178,25.26124185151155
1.7512437810945274,19.37323557684722
1.7562189054726367,7.451732787474406
1.7611940298507462,-18.144195654709158
1.7661691542288558,-46.39455504787605
1.771144278606965,9.51892272467884
1.7761194029850746,8.59251136766536
1.781094527363184,18.789338070475374
1.7860696517412935,-1.4918981924821093
1.791044776119403,-44.92287760264616
1.7960199004975124,-12.187561626445657
1.800995024875622,-6.524590397498387
1.8059701492537312,-19.404612555606814
1.8109452736318408,24.107918853159173
1.8159203980099503,-11.646124593113282
1.8208955223880596,-12.172174032390542
1.8258706467661692,-33.419091485832766
1.8308457711442785,33.62008388816137
1.835820895522388,9.517224148958334
1.8407960199004976,-5.619095312909651
1.845771144278607,25.251594588685354
1.8507462686567164,0.680028980019908
1.8557213930348258,-33.2259009764282
1.8606965174129353,-15.46686844454167
1.8656716417910448,12.96400285669482
1.8706467661691542,-29.071059564297737
1.8756218905472637,8.900566956801983
1.880597014925373,-28.59989537586792
1.8855721393034826,-24.338959898032794
1.890547263681592,-3.143314366955702
1.8955223880597014,-10.762008508351729
1.900497512437811,21.98484347215552
1.9054726368159203,-15.129363009231254
1.9104477611940298,-3.2827346891396694
1.9154228855721394,-15.934631100687215
1.9203980099502487,27.5064196813908
1.9253731343283582,-15.197819610888075
1.9303482587064675,-19.422293987161964
1.935323383084577,-13.321104176308001
1.9402985074626866,-13.308196282507643
1.945273631840796,1.327486825328481
1.9502487562189055,40.79382598301256
1.9552238805970148,-21.707605715045336
1.9601990049751243,15.94812516890391
1.9651741293532339,-81.9270547944151
1.9701492537313432,18.725478106567856
1.9751243781094527,-74.3812982087283
1.980099502487562,8.865592812896422
1.9850746268656716,-105.73249278321958
1.9900497512437811,13.784422951600781
1.9950248756218905,-334.66258462721623
2.0,-1.501471941235184e-11
2.0049751243781095,334.66258462722936
2.009950248756219,-13.784422951602838
2.014925373134328,105.73249278321975
2.0199004975124377,-8.865592812898772
2.0248756218905473,74.38129820872788
2.029850746268657,-18.72547810656684
2.0348258706467663,81.92705479441362
2.0398009950248754,-15.948125168896691
2.044776119402985,21.707605715042085
2.0497512437810945,-40.793825983009306
2.054726368159204,-1.32748682533178
2.0597014925373136,13.30819628251206
2.0646766169154227,13.32110417630274
2.0696517412935322,19.422293987164345
2.074626865671642,15.197819610892134
2.0796019900497513,-27.506419681390604
2.084577114427861,15.93463110068462
2.08955223880597,3.2827346891412033
2.0945273631840795,15.129363009232375
2.099502487562189,-21.98484347215451
2.1044776119402986,10.762008508346494
2.109452736318408,3.143314366965172
2.1144278606965172,24.338959898027994
2.1194029850746268,28.59989537586935
2.1243781094527363,-8.900566956803384
2.129353233830846,29.07105956429592
2.1343283582089554,-12.964002856695803
2.1393034825870645,15.466868444527696
2.144278606965174,33.225900976434865
2.1492537313432836,-0.6800289800196548
2.154228855721393,-25.251594588681908
2.1592039800995027,5.619095312908769
2.1641791044776117,-9.517224148954238
2.1691542288557213,-33.620083888161574
2.174129353233831,33.41909148582823
2.1791044776119404,12.172174032398345
2.18407960199005,11.646124593100613
2.189054726368159,-24.10791885314741
2.1940298507462686,19.404612555596728
2.199004975124378,6.524590397501469
2.2039800995024876,12.187561626439273
2.208955223880597,44.92287760264761
2.2139303482587063,1.4918981924949346
2.218905472636816,-18.78933807048079
2.2238805970149254,-8.592511367661146
2.228855721393035,-9.518922724682886
2.2338308457711444,46.394555047872274
2.2388059701492535,18.14419565471494
2.243781094527363,-7.451732787470856
2.2487562189054726,-19.373235576850355
2.253731343283582,-25.261241851507346
2.2587064676616917,2.0507890403777527
2.263681592039801,4.313275406543402
2.2686567164179103,7.074846522149407
2.27363184079602,35.93676827691255
2.2786069651741294,13.195760455554055
2.283582089552239,8.754020392593755
2.288557213930348,-27.356946407578025
2.2935323383084576,43.50814599554447
2.298507462686567,-33.21139350356875
2.3034825870646767,23.21748267147895
2.308457711442786,15.643556668646063
2.3134328358208953,16.31446989742613
2.318407960199005,19.84917319497974
2.3233830845771144,15.382567907580324
2.328358208955224,-15.385577082896436
2.3333333333333335,22.516660498391314
2.3383084577114426,33.790781239238335
2.343283582089552,-10.718210400457222
2.3482587064676617,-7.724429403534827
2.353233830845771,19.135827317810786
2.3582089552238807,15.52306084254533
2.36318407960199,2.999882021129464
2.3681592039800994,-0.36337047201539097
2.373134328358209,-37.58270924324053
2.3781094527363185,-38.55542694696467
2.383084577114428,-7.719391402448176
2.388059701492537,15.542407295259068
2.3930348258706466,47.47368646102875
2.398009950248756,6.356388706767124
2.4029850746268657,8.723749873954421
2.4079601990049753,3.8351364339604412
2.4129353233830844,11.234132497829997
2.417910447761194,-7.471298268883047
2.4228855721393034,-12.261055904584055
2.427860696517413,-23.58968670996412
2.4328358208955225,-1.8855395764914071
2.4378109452736316,-18.04720004456395
2.442786069651741,16.172763888983766
2.4477611940298507,-13.382589549484809
2.4527363184079602,19.257788341872377
2.45771144278607,16.99274899285945
2.462686567164179,32.94772099240676
2.4676616915422884,-9.189985991181835
2.472636815920398,32.59464943980092
2.4776119402985075,-1.484678672818923
2.482587064676617,28.840345994729418
2.487562189054726,-16.394269652363523
2.4925373134328357,22.103988188067508
2.4975124378109452,2.7098272087166535
2.5024875621890548,-2.709827208714181
2.5074626865671643,-22.103988188065628
2.5124378109452734,16.39426965236389
2.517412935323383,-28.840345994725276
2.5223880597014925,1.4846786728171901
2.527363184079602,-32.594649439803675
2.5323383084577116,9.189985991181704
2.5373134328358207,-32.94772099240723
2.54228855721393,-16.99274899285251
2.5472636815920398,-19.257788341874978
2.5522388059701493,13.382589549487886
2.557213930348259,-16.172763888983006
2.562189054726368,18.047200044555957
2.5671641791044775,1.8855395764857938
2.572139303482587,23.589686709962916
2.5771144278606966,12.261055904585653
2.582089552238806,7.471298268883477
2.587064676616915,-11.234132497823047
2.5920398009950247,-3.8351364339650456
2.5970149253731343,-8.723749873953055
2.601990049751244,-6.356388706772517
2.6069651741293534,-47.47368646102196
2.6119402985074625,-15.54240729527764
2.616915422885572,7.719391402458559
2.6218905472636815,38.55542694696288
2.626865671641791,37.58270924323734
2.6318407960199006,0.3633704720082438
2.6368159203980097,-2.9998820211210546
2.6417910447761193,-15.523060842542618
2.646766169154229,-19.135827317816442
2.6517412935323383,7.724429403540905
2.656716417910448,10.718210400453202
2.661691542288557,-33.79078123922743
2.6666666666666665,-22.516660498399226
2.671641791044776,15.385577082898545
2.6766169154228856,-15.382567907578917
2.681592039800995,-19.849173194982118
2.6865671641791042,-16.31446989742685
2.691542288557214,-15.643556668644603
2.6965174129353233,-23.217482671480134
2.701492537313433,33.21139350357305
2.7064676616915424,-43.50814599554549
2.7114427860696515,27.35694640756971
2.716417910447761,-8.754020392592055
2.7213930348258706,-13.195760455554261
2.72636815920398,-35.93676827690607
2.7313432835820897,-7.074846522151402
2.7363184079601988,-4.313275406539433
2.7412935323383083,-2.050789040386614
2.746268656716418,25.261241851511254
2.7512437810945274,19.373235576846717
2.756218905472637,7.4517327874743335
2.761194029850746,-18.1441956547057
2.7661691542288556,-46.39455504787135
2.771144278606965,9.518922724678706
2.7761194029850746,8.592511367666546
2.781094527363184,18.789338070474894
2.7860696517412933,-1.4918981924772723
2.791044776119403,-44.92287760264922
2.7960199004975124,-12.187561626444507
2.800995024875622,-6.524590397500193
2.8059701492537314,-19.40461255561064
2.8109452736318405,24.107918853160538
2.81592039800995,-11.646124593114472
2.8208955223880596,-12.172174032389998
2.825870646766169,-33.419091485834855
2.8308457711442787,33.620083888165375
2.835820895522388,9.517224148959698
2.8407960199004973,-5.619095312910237
2.845771144278607,25.25159458868687
2.8507462686567164,0.6800289800200905
2.855721393034826,-33.22590097643039
2.860696517412935,-15.466868444542868
2.8656716417910446,12.964002856695625
2.870646766169154,-29.07105956430314
2.8756218905472637,8.900566956799013
2.8805970149253732,-28.59989537586895
2.8855721393034823,-24.338959898033085
2.890547263681592,-3.143314366958834
2.8955223880597014,-10.762008508349089
2.900497512437811,21.984843472157568
2.9054726368159205,-15.129363009231408
2.9104477611940296,-3.282734689139778
2.915422885572139,-15.934631100684927
2.9203980099502487,27.506419681388465
2.925373134328358,-15.197819610887619
2.9303482587064678,-19.42229398716862
2.935323383084577,-13.321104176310218
2.9402985074626864,-13.308196282508103
2.945273631840796,1.3274868253317655
2.9502487562189055,40.79382598301639
2.955223880597015,-21.707605715045215
2.960199004975124,15.948125168910071
2.9651741293532337,-81.92705479441874
2.970149253731343,18.72547810656663
2.9751243781094527,-74.38129820872841
2.9800995024875623,8.865592812898242
2.9850746268656714,-105.73249278321227
2.990049751243781,13.784422951597959
2.9950248756218905,-334.6625846272119
3.0,-2.4596863906947254e-11
3.0049751243781095,334.6625846272328
3.0099502487562186,-13.78442295160605
3.014925373134328,105.73249278322524
3.0199004975124377,-8.865592812898184
3.0248756218905473,74.38129820872676
3.029850746268657,-18.725478106566534
3.034825870646766,81.92705479441736
3.0398009950248754,-15.948125168896023
3.044776119402985,21.707605715038305
3.0497512437810945,-40.7938259830133
3.054726368159204,-1.3274868253357712
3.059701492537313,13.308196282515876
3.0646766169154227,13.321104176305791
3.0696517412935322,19.42229398716294
3.074626865671642,15.19781961089276
3.0796019900497513,-27.50641968138672
3.0845771144278604,15.934631100684612
3.08955223880597,3.282734689144767
3.0945273631840795,15.129363009232506
3.099502487562189,-21.98484347215546
3.1044776119402986,10.762008508344723
3.1094527363184077,3.1433143669638763
3.1144278606965172,24.338959898030016
3.1194029850746268,28.599895375871235
3.1243781094527363,-8.900566956803875
3.129353233830846,29.071059564300324
3.134328358208955,-12.9640028566903
3.1393034825870645,15.466868444527462
3.144278606965174,33.22590097644065
3.1492537313432836,-0.680028980019201
3.154228855721393,-25.251594588682106
3.159203980099502,5.61909531290259
3.1641791044776117,-9.517224148957128
3.1691542288557213,-33.620083888161965
3.174129353233831,33.41909148582635
3.1791044776119404,12.172174032400527
3.1840796019900495,11.64612459310021
3.189054726368159,-24.10791885314541
3.1940298507462686,19.404612555596636
3.199004975124378,6.524590397504801
3.2039800995024876,12.187561626438955
3.208955223880597,44.9228776026502
3.2139303482587063,1.4918981924903107
3.218905472636816,-18.789338070480067
3.2238805970149254,-8.59251136766008
3.228855721393035,-9.518922724688213
3.2338308457711444,46.394555047875905
3.2388059701492535,18.14419565471315
3.243781094527363,-7.451732787471945
3.2487562189054726,-19.37323557685184
3.253731343283582,-25.261241851507442
3.2587064676616917,2.050789040382946
3.263681592039801,4.313275406543946
3.2686567164179103,7.074846522152708
3.27363184079602,35.936768276905255
3.2786069651741294,13.195760455550616
3.283582089552239,8.754020392594906
3.288557213930348,-27.356946407577095
3.2935323383084576,43.50814599554656
3.298507462686567,-33.21139350356967
3.3034825870646767,23.21748267147987
3.308457711442786,15.643556668646763
3.3134328358208953,16.314469897421475
3.318407960199005,19.849173194976466
3.3233830845771144,15.38256790758
3.328358208955224,-15.385577082896297
3.3333333333333335,22.516660498393072
3.3383084577114426,33.79078123923507
3.343283582089552,-10.71821040045905
3.3482587064676617,-7.724429403530924
3.353233830845771,19.13582731780973
3.3582089552238807,15.523060842542314
3.36318407960199,2.9998820211280073
3.3681592039800994,-0.36337047201612815
3.373134328358209,-37.58270924324091
3.3781094527363185,-38.555426946959905
3.383084577114428,-7.71939140244837
3.388059701492537,15.542407295255718
3.3930348258706466,47.473686461032
3.398009950248756,6.356388706768788
3.4029850746268657,8.723749873955366
3.4079601990049753,3.8351364339577447
3.4129353233830844,11.234132497831297
3.417910447761194,-7.471298268883866
3.4228855721393034,-12.261055904576793
3.427860696517413,-23.58968670996687
3.4328358208955225,-1.8855395764853284
3.4378109452736316,-18.04720004456341
3.442786069651741,16.172763888986104
3.4477611940298507,-13.382589549482717
3.4527363184079602,19.257788341865336
3.45771144278607,16.992748992859873
3.462686567164179,32.94772099240754
3.4676616915422884,-9.189985991176917
3.472636815920398,32.594649439799376
3.4776119402985075,-1.4846786728193537
3.482587064676617,28.840345994729915
3.487562189054726,-16.39426965236262
3.4925373134328357,22.1039881880682
3.4975124378109452,2.7098272087163586
3.5024875621890548,-2.709827208714387
3.5074626865671643,-22.103988188065227
3.5124378109452734,16.39426965236064
3.517412935323383,-28.840345994724313
3.5223880597014925,1.4846786728218735
3.527363184079602,-32.59464943979892
3.5323383084577116,9.189985991182658
3.5373134328358207,-32.947720992408925
3.54228855721393,-16.992748992852984
3.5472636815920398,-19.257788341872796
3.5522388059701493,13.38258954949207
3.557213930348259,-16.17276388898412
3.562189054726368,18.04720004455572
3.5671641791044775,1.8855395764892595
3.572139303482587,23.58968670995921
3.5771144278606966,12.261055904591599
3.582089552238806,7.4712982688808
3.587064676616915,-11.234132497827144
3.5920398009950247,-3.8351364339640917
3.5970149253731343,-8.723749873950284
3.601990049751244,-6.356388706772176
3.6069651741293534,-47.473686461024
3.6119402985074625,-15.54240729528006
3.616915422885572,7.719391402459781
3.6218905472636815,38.555426946962086
3.626865671641791,37.58270924324087
3.6318407960199006,0.3633704720054425
3.6368159203980097,-2.9998820211256696
3.6417910447761193,-15.523060842545684
3.646766169154229,-19.13582731781714
3.6517412935323383,7.724429403538938
3.656716417910448,10.718210400450364
3.661691542288557,-33.79078123922766
3.6666666666666665,-22.516660498405944
3.671641791044776,15.38557708289989
3.6766169154228856,-15.382567907577428
3.681592039800995,-19.84917319497829
3.6865671641791042,-16.31446989743223
3.691542288557214,-15.643556668638691
3.6965174129353233,-23.21748267147714
3.701492537313433,33.21139350357625
3.7064676616915424,-43.5081459955415
3.7114427860696515,27.356946407567996
3.716417910447761,-8.754020392589176
3.7213930348258706,-13.19576045555008
3.72636815920398,-35.93676827690778
3.7313432835820897,-7.074846522148523
3.7363184079601988,-4.313275406542505
3.7412935323383083,-2.0507890403890094
3.746268656716418,25.26124185151328
3.7512437810945274,19.373235576844916
3.756218905472637,7.451732787474385
3.761194029850746,-18.144195654704234
3.7661691542288556,-46.394555047872494
3.771144278606965,9.51892272467229
3.7761194029850746,8.592511367663793
3.781094527363184,18.789338070473043
3.7860696517412933,-1.491898192478173
3.791044776119403,-44.92287760264402
3.7960199004975124,-12.187561626446861
3.800995024875622,-6.5245903975006705
3.8059701492537314,-19.404612555608914
3.8109452736318405,24.10791885316499
3.81592039800995,-11.646124593116447
3.8208955223880596,-12.172174032394063
3.825870646766169,-33.41909148583103
3.8308457711442787,33.6200838881653
3.835820895522388,9.517224148964027
3.8407960199004973,-5.619095312906631
3.845771144278607,25.251594588688487
3.8507462686567164,0.68002898000963
3.855721393034826,-33.22590097643196
3.860696517412935,-15.466868444543817
3.8656716417910446,12.964002856696471
3.870646766169154,-29.07105956429919
3.8756218905472637,8.900566956798114
3.8805970149253732,-28.599895375860367
3.8855721393034823,-24.338959898033153
3.890547263681592,-3.1433143669512997
3.8955223880597014,-10.762008508355663
3.900497512437811,21.984843472154758
3.9054726368159205,-15.129363009223134
3.9104477611940296,-3.2827346891457108
3.915422885572139,-15.934631100684392
3.9203980099502487,27.50641968139138
3.925373134328358,-15.19781961088594
3.9303482587064678,-19.422293987167887
3.935323383084577,-13.321104176308388
3.9402985074626864,-13.30819628250336
3.945273631840796,1.3274868253248475
3.9502487562189055,40.793825983013384
3.955223880597015,-21.707605715043755
3.960199004975124,15.948125168910723
3.9651741293532337,-81.92705479441632
3.970149253731343,18.725478106583886
3.9751243781094527,-74.38129820872655
3.9800995024875623,8.865592812899202
3.9850746268656714,-105.73249278321448
3.990049751243781,13.784422951599879
3.9950248756218905,-334.6625846272099
4.0,-3.002943882470368e-11
4.0049751243781095,334.6625846272364
4.009950248756219,-13.784422951604055
4.014925373134329,105.73249278322022
4.019900497512438,-8.865592812895205
4.024875621890547,74.38129820873269
4.029850746268656,-18.72547810656848
4.034825870646766,81.92705479441314
4.039800995024875,-15.948125168892105
4.044776119402985,21.707605715039335
4.0497512437810945,-40.79382598300804
4.054726368159204,-1.3274868253324354
4.059701492537314,13.308196282512412
4.064676616915423,13.32110417630508
4.069651741293533,19.42229398716366
4.074626865671641,15.197819610900588
4.079601990049751,-27.506419681389744
4.08457711442786,15.934631100682857
4.08955223880597,3.2827346891329343
4.0945273631840795,15.129363009221429
4.099502487562189,-21.98484347215307
4.104477611940299,10.76200850834637
4.109452736318408,3.1433143669573838
4.114427860696518,24.33895989803133
4.119402985074627,28.59989537586754
4.124378109452736,-8.900566956804134
4.129353233830845,29.071059564301102
4.134328358208955,-12.964002856693913
4.1393034825870645,15.466868444529734
4.144278606965174,33.22590097644308
4.149253731343284,-0.6800289800083186
4.154228855721393,-25.251594588682376
4.159203980099503,5.619095312900062
4.164179104477612,-9.517224148966488
4.169154228855722,-33.62008388815633
4.17412935323383,33.41909148582304
4.17910447761194,12.172174032395356
4.1840796019900495,11.646124593096722
4.189054726368159,-24.107918853144227
4.1940298507462686,19.40461255559463
4.199004975124378,6.524590397505873
4.203980099502488,12.187561626436267
4.208955223880597,44.92287760264759
4.213930348258707,1.4918981924861017
4.218905472636816,-18.789338070478742
4.223880597014925,-8.592511367658656
4.2288557213930345,-9.51892272468525
4.233830845771144,46.394555047883756
4.2388059701492535,18.144195654721702
4.243781094527363,-7.451732787473176
4.248756218905473,-19.37323557685081
4.253731343283582,-25.261241851503826
4.258706467661692,2.0507890403765003
4.263681592039801,4.313275406541919
4.268656716417911,7.074846522156701
4.273631840796019,35.936768276910776
4.278606965174129,13.195760455549324
4.2835820895522385,8.754020392599866
4.288557213930348,-27.356946407577617
4.293532338308458,43.50814599554362
4.298507462686567,-33.211393503575025
4.303482587064677,23.217482671476482
4.308457711442786,15.643556668648273
4.313432835820896,16.31446989743392
4.318407960199005,19.849173194977478
4.323383084577114,15.382567907581876
4.3283582089552235,-15.385577082887469
4.333333333333333,22.516660498381544
4.338308457711443,33.79078123923819
4.343283582089552,-10.718210400458894
4.348258706467662,-7.72442940351956
4.353233830845771,19.135827317811902
4.358208955223881,15.523060842547943
4.36318407960199,2.9998820211285935
4.3681592039801,-0.3633704720189268
4.3731343283582085,-37.58270924323632
4.378109452736318,-38.55542694695756
4.383084577114428,-7.719391402438582
4.388059701492537,15.542407295246287
4.393034825870647,47.47368646103231
4.398009950248756,6.356388706766987
4.402985074626866,8.723749873950794
4.407960199004975,3.8351364339625302
4.412935323383085,11.234132497833441
4.417910447761194,-7.471298268888611
4.422885572139303,-12.261055904578802
4.4278606965174125,-23.58968670996724
4.432835820895522,-1.8855395764850371
4.437810945273632,-18.04720004456191
4.442786069651741,16.172763888988577
4.447761194029851,-13.382589549485516
4.45273631840796,19.257788341859317
4.45771144278607,16.992748992860697
4.462686567164179,32.947720992406325
4.467661691542289,-9.189985991173437
4.4726368159203975,32.594649439805
4.477611940298507,-1.4846786728208583
4.482587064676617,28.840345994737227
4.487562189054726,-16.394269652364304
4.492537313432836,22.10398818807102
4.497512437810945,2.709827208717618
4.502487562189055,-2.709827208715195
4.507462686567164,-22.103988188069273
4.512437810945274,16.394269652355945
4.517412935323383,-28.84034599473111
4.522388059701492,1.4846786728170587
4.527363184079602,-32.594649439804655
4.532338308457711,9.189985991173735
4.537313432835821,-32.947720992408364
4.54228855721393,-16.992748992857084
4.54726368159204,-19.257788341880794
4.552238805970149,13.382589549489584
4.557213930348259,-16.172763888984036
4.562189054726368,18.047200044560718
4.567164179104478,1.8855395764906486
4.572139303482587,23.589686709958322
4.577114427860696,12.261055904598757
4.582089552238806,7.471298268876467
4.587064676616915,-11.234132497822197
4.592039800995025,-3.8351364339714262
4.597014925373134,-8.723749873955619
4.601990049751244,-6.356388706783068
4.606965174129353,-47.47368646101698
4.611940298507463,-15.542407295280801
4.616915422885572,7.719391402461209
4.621890547263681,38.555426946955734
4.626865671641791,37.58270924325035
4.6318407960199,0.3633704720024413
4.63681592039801,-2.999882021116038
4.641791044776119,-15.523060842540712
4.646766169154229,-19.1358273178162
4.651741293532338,7.724429403544872
4.656716417910448,10.718210400455424
4.661691542288557,-33.79078123923054
4.666666666666667,-22.516660498403564
4.671641791044776,15.385577082901678
4.676616915422885,-15.382567907577087
4.681592039800995,-19.849173194976984
4.686567164179104,-16.31446989742234
4.691542288557214,-15.643556668635618
4.696517412935323,-23.217482671483115
4.701492537313433,33.21139350357331
4.706467661691542,-43.50814599554522
4.711442786069652,27.356946407581795
4.7164179104477615,-8.754020392600383
4.72139303482587,-13.19576045555863
4.72636815920398,-35.93676827690718
4.731343283582089,-7.074846522154773
4.736318407960199,-4.313275406537891
4.741293532338308,-2.0507890403791684
4.746268656716418,25.261241851511937
4.751243781094527,19.373235576839427
4.756218905472637,7.45173278746584
4.7611940298507465,-18.14419565470624
4.766169154228856,-46.39455504787111
4.771144278606965,9.518922724664915
4.776119402985074,8.592511367676503
4.781094527363184,18.78933807047168
4.786069651741293,-1.4918981924708925
4.791044776119403,-44.922877602647034
4.796019900497512,-12.187561626446296
4.800995024875622,-6.524590397496878
4.8059701492537314,-19.404612555608868
4.810945273631841,24.107918853168847
4.8159203980099505,-11.646124593120938
4.820895522388059,-12.172174032391197
4.825870646766169,-33.419091485839495
4.830845771144278,33.62008388815933
4.835820895522388,9.517224148961386
4.840796019900497,-5.619095312912747
4.845771144278607,25.251594588686906
4.850746268656716,0.680028980021322
4.855721393034826,-33.22590097642187
4.8606965174129355,-15.466868444531983
4.865671641791045,12.964002856696377
4.870646766169154,-29.071059564299706
4.875621890547263,8.900566956800144
4.880597014925373,-28.599895375859557
4.885572139303482,-24.338959898031415
4.890547263681592,-3.143314366955402
4.895522388059701,-10.762008508351574
4.900497512437811,21.98484347215502
4.9054726368159205,-15.129363009230687
4.91044776119403,-3.2827346891405753
4.91542288557214,-15.934631100689307
4.920398009950248,27.506419681393567
4.925373134328358,-15.197819610884236
4.930348258706467,-19.422293987163055
4.935323383084577,-13.3211041763109
4.940298507462686,-13.308196282504392
4.945273631840796,1.3274868253246896
4.9502487562189055,40.79382598301435
4.955223880597015,-21.70760571504855
4.960199004975125,15.948125168901889
4.965174129353234,-81.92705479442193
4.970149253731343,18.725478106575167
4.975124378109452,-74.38129820872588
4.980099502487562,8.865592812892691
4.985074626865671,-105.732492783215
4.990049751243781,13.784422951599415
4.9950248756218905,-334.66258462720447
